mode,agents,operation,scheduled,attempted,succeeded,missed_slots,p50_ms,p75_ms,p90_ms,p99_ms,max_ms
persistent,50,check,150,150,150,0,1.521833,1.719,2.19125,3.005167,3.197416
persistent,50,mention,300,300,300,0,4.608458,4.700875,4.791666,5.046333,5.67175
persistent,50,post,600,600,600,0,4.608833,4.69425,4.756125,5.219542,11.842875
persistent,50,react,150,150,150,0,4.559792,4.660542,4.741375,4.917375,5.143916
persistent,50,reply,150,150,150,0,4.624834,4.717125,4.803667,5.701667,6.820042
persistent,50,search,150,150,150,0,0.409958,0.556084,0.624292,0.899625,1.004417
persistent,100,check,300,300,300,0,1.611333,2.044708,2.459417,3.363917,12.2065
persistent,100,mention,600,600,600,0,4.136416,4.319,4.660208,6.767458,10.735541
persistent,100,post,1200,1200,1200,0,4.262875,4.470416,4.717125,5.903458,10.638542
persistent,100,react,300,300,300,0,4.315792,4.451291,4.668167,8.37675,10.97675
persistent,100,reply,300,300,300,0,4.144416,4.270875,4.611875,5.533,6.384375
persistent,100,search,300,300,300,0,0.472375,0.559125,0.717167,1.034042,2.053209
persistent,500,check,1500,1361,1361,139,1.108125,1.417917,1.87875,5.428209,9.523417
persistent,500,mention,3000,1709,1709,1291,1841.201833,1906.963584,1935.147125,2010.845166,2021.772625
persistent,500,post,6000,4709,4709,1291,1851.090417,1908.86175,1934.923,2010.7905,3849.660125
persistent,500,react,1500,1395,1395,105,1859.195959,1911.492125,1941.95875,2012.228625,2023.869833
persistent,500,reply,1500,326,326,1174,1669.814125,1840.519291,1899.21375,1926.497333,1943.170333
persistent,500,search,1500,1386,1386,114,0.816583,1.2355,2.187541,3.398667,9.482458
persistent,1000,check,3000,695,695,2305,1.452667,1.940167,2.40075,4.262583,9.705375
persistent,1000,mention,6000,1942,1942,4058,3908.129291,4089.74825,4147.761958,4205.576916,4214.414458
persistent,1000,post,12000,4936,4936,7064,3924.767833,4081.629875,4121.485083,4203.719875,4214.760125
persistent,1000,react,3000,807,807,2193,3749.337916,4067.811916,4144.120292,4192.205,4214.051916
persistent,1000,reply,3000,978,978,2022,3985.485833,4103.716375,4180.520834,4212.434625,4213.567875
persistent,1000,search,3000,706,706,2294,0.940958,1.573375,2.030083,3.03675,7.639958
memory,1000,check,3000,3000,3000,0,0.472208,0.511292,0.685166,1.720084,15.317958
memory,1000,mention,6000,6000,6000,0,0.354209,0.435416,0.501917,1.693916,21.675667
memory,1000,post,12000,12000,12000,0,0.386417,0.475583,0.575167,1.669125,18.773375
memory,1000,react,3000,3000,3000,0,0.434333,0.511083,0.587417,1.542708,17.745958
memory,1000,reply,3000,3000,3000,0,0.355666,0.433791,0.502167,1.513041,22.261666
memory,1000,search,3000,3000,3000,0,0.455166,0.480167,0.651459,1.507459,12.466084
