metric,unit,statistic,baseline_median,candidate_median,change_percent,baseline_min,baseline_max,candidate_min,candidate_max,samples_per_build,target_max,target_met
BenchmarkAgentCLI/empty_check_four_rooms,ns,median_of_run_means,10080695.0,5152438.0,-48.88806773739311,4403899.0,11946849.0,4406123.0,12020619.0,5,,
BenchmarkAgentCLI/login,ns,median_of_run_means,10346140.0,7017816.0,-32.16971740185228,7494030.0,11321590.0,4182204.0,10826269.0,5,,
BenchmarkAgentCLI/send,ns,median_of_run_means,29336157.0,26319734.0,-10.282270441898712,26162110.0,31591620.0,22617445.0,30628410.0,5,30000000.0,True
BenchmarkAgentCLI/wait_wake,ns,median_of_run_means,2618791.0,2363480.0,-9.74919342551582,1252180.0,4723926.0,1594321.0,3936847.0,5,5000000.0,True
BenchmarkRoadmapCheck/n1000/targets1,allocations,median_of_run_means,28.0,27.0,-3.5714285714285716,28.0,28.0,27.0,27.0,5,,
BenchmarkRoadmapCheck/n1000/targets1,bytes,median_of_run_means,34347.0,1560.0,-95.4581186129793,34346.0,34349.0,1560.0,1560.0,5,,
BenchmarkRoadmapCheck/n1000/targets1,ns,median_of_run_means,83302.0,5822.0,-93.01097212551919,37571.0,98165.0,2738.0,6588.0,5,,
BenchmarkRoadmapCheck/n1000/targets16,allocations,median_of_run_means,204.0,188.0,-7.8431372549019605,204.0,204.0,188.0,188.0,5,,
BenchmarkRoadmapCheck/n1000/targets16,bytes,median_of_run_means,544278.0,19738.0,-96.37354440194166,544274.0,544339.0,19738.0,19739.0,5,,
BenchmarkRoadmapCheck/n1000/targets16,ns,median_of_run_means,1398281.0,67177.0,-95.19574391699523,587951.0,1579766.0,36022.0,72493.0,5,,
BenchmarkRoadmapCheck/n1000/targets64,allocations,median_of_run_means,740.0,674.0,-8.91891891891892,740.0,741.0,674.0,674.0,5,,
BenchmarkRoadmapCheck/n1000/targets64,bytes,median_of_run_means,2178563.0,80378.0,-96.31050375867028,2178519.0,2178818.0,80375.0,80378.0,5,,
BenchmarkRoadmapCheck/n1000/targets64,ns,median_of_run_means,5373217.0,174914.0,-96.74470619742326,2342823.0,6265272.0,141000.0,275889.0,5,,
BenchmarkRoadmapCheck/n10000/targets1,allocations,median_of_run_means,28.0,27.0,-3.5714285714285716,28.0,28.0,27.0,27.0,5,,
BenchmarkRoadmapCheck/n10000/targets1,bytes,median_of_run_means,34341.0,1560.0,-95.45732506333538,34340.0,34342.0,1560.0,1560.0,5,,
BenchmarkRoadmapCheck/n10000/targets1,ns,median_of_run_means,539682.0,16725.0,-96.90095278330573,345377.0,552733.0,14371.0,23496.0,5,,
BenchmarkRoadmapCheck/n10000/targets16,allocations,median_of_run_means,204.0,188.0,-7.8431372549019605,204.0,204.0,188.0,188.0,5,,
BenchmarkRoadmapCheck/n10000/targets16,bytes,median_of_run_means,544210.0,19735.0,-96.37364252770071,544206.0,544226.0,19734.0,19736.0,5,,
BenchmarkRoadmapCheck/n10000/targets16,ns,median_of_run_means,8199028.0,333804.0,-95.92873691857132,5500286.0,9118222.0,219574.0,359946.0,5,,
BenchmarkRoadmapCheck/n10000/targets64,allocations,median_of_run_means,739.0,674.0,-8.795669824086604,739.0,740.0,674.0,674.0,5,,
BenchmarkRoadmapCheck/n10000/targets64,bytes,median_of_run_means,2178249.0,80365.0,-96.31056871826867,2178215.0,2178343.0,80364.0,80367.0,5,,
BenchmarkRoadmapCheck/n10000/targets64,ns,median_of_run_means,33944684.0,1148786.0,-96.61571160892233,21943419.0,35167867.0,873631.0,1356072.0,5,10000000.0,True
BenchmarkRoadmapSearch/body4096,allocations,median_of_run_means,10001.0,1.0,-99.9900009999,10001.0,10001.0,1.0,1.0,5,,
BenchmarkRoadmapSearch/body4096,bytes,median_of_run_means,40976393.0,16384.0,-99.96001600238459,40976384.0,40976403.0,16384.0,16384.0,5,,
BenchmarkRoadmapSearch/body4096,ns,median_of_run_means,139888271.0,5635865.0,-95.971166875027,132135142.0,166691700.0,4086727.0,5913846.0,5,20000000.0,True
BenchmarkRoadmapSearch/body80,allocations,median_of_run_means,10001.0,1.0,-99.9900009999,10001.0,10001.0,1.0,1.0,5,,
BenchmarkRoadmapSearch/body80,bytes,median_of_run_means,816384.0,16384.0,-97.99310128566948,816384.0,816397.0,16384.0,16384.0,5,,
BenchmarkRoadmapSearch/body80,ns,median_of_run_means,2881315.0,197412.0,-93.14854502197781,2049653.0,3149422.0,190439.0,290578.0,5,,
BenchmarkRoadmapUI/body1024/dirtyfalse,allocations,median_of_run_means,640.0,640.0,0.0,640.0,640.0,640.0,640.0,5,,
BenchmarkRoadmapUI/body1024/dirtyfalse,bytes,median_of_run_means,59469.0,59906.0,0.7348366375758799,59337.0,59778.0,59464.0,59955.0,5,,
BenchmarkRoadmapUI/body1024/dirtyfalse,ns,median_of_run_means,98701.0,54857.0,-44.42102916890406,73114.0,119898.0,45149.0,105348.0,5,,
BenchmarkRoadmapUI/body1024/dirtytrue,allocations,median_of_run_means,238716.0,1159.0,-99.5144858325374,238715.0,238729.0,1159.0,1159.0,5,,
BenchmarkRoadmapUI/body1024/dirtytrue,bytes,median_of_run_means,17405705.0,547242.0,-96.85596188146357,17390489.0,17464574.0,546289.0,547572.0,5,1000000.0,True
BenchmarkRoadmapUI/body1024/dirtytrue,ns,median_of_run_means,67367031.0,181615.0,-99.73040967175768,55629656.0,67630091.0,148554.0,397642.0,5,5000000.0,True
BenchmarkRoadmapUI/body80/dirtyfalse,allocations,median_of_run_means,763.0,763.0,0.0,763.0,763.0,763.0,763.0,5,,
BenchmarkRoadmapUI/body80/dirtyfalse,bytes,median_of_run_means,72249.0,72162.0,-0.12041689158327451,72144.0,72267.0,72049.0,72430.0,5,,
BenchmarkRoadmapUI/body80/dirtyfalse,ns,median_of_run_means,127064.0,158417.0,24.6749669457911,107948.0,175385.0,74083.0,163567.0,5,,
BenchmarkRoadmapUI/body80/dirtytrue,allocations,median_of_run_means,30280.0,1276.0,-95.78599735799207,30279.0,30281.0,1276.0,1276.0,5,,
BenchmarkRoadmapUI/body80/dirtytrue,bytes,median_of_run_means,1485160.0,207918.0,-86.00029626437555,1482379.0,1488605.0,207875.0,208427.0,5,,
BenchmarkRoadmapUI/body80/dirtytrue,ns,median_of_run_means,6202471.0,266725.0,-95.69969774949371,5044186.0,6754464.0,127105.0,304748.0,5,,
context_limit_1000,bytes,median_of_calls,2177406260.0,90089712.0,-95.86252167751185,2149986824.0,2234131368.0,89971664.0,92158072.0,10,100000000.0,True
context_limit_1000,ms,median_of_calls,2205.1755000000003,51.527,-97.66336058059778,1541.807,2398.416,48.472,91.494,10,250,True
context_limit_1000,output_bytes,median_of_calls,30360.0,30360.0,0.0,30357.0,30360.0,30359.0,30361.0,10,,
context_limit_50,bytes,median_of_calls,11487604.0,5654088.0,-50.780963549927385,10800088.0,11551792.0,5563808.0,5927424.0,10,,
context_limit_50,ms,median_of_calls,12.465,3.0119999999999996,-75.83634175691937,7.752,13.796,2.688,6.641,10,,
context_limit_50,output_bytes,median_of_calls,30360.0,30360.0,0.0,30357.0,30360.0,30359.0,30361.0,10,,
context_limit_500,bytes,median_of_calls,569921084.0,45263748.0,-92.05789200106167,558298616.0,593208392.0,45161288.0,46273496.0,10,,
context_limit_500,ms,median_of_calls,603.746,26.016,-95.69090312813667,417.004,692.95,24.568,47.893,10,,
context_limit_500,output_bytes,median_of_calls,30360.0,30360.0,0.0,30357.0,30360.0,30359.0,30361.0,10,,
